Feature,Value
Danceability,-1.15835584
Energy,-1.07735592
Loudness,-0.37613798
Speechiness,0.25677694
Acousticness,-0.82659449
Liveness,0.34142479
Valence,0.42047326
Tempo,-0.73442409
Duration,-0.61886763